﻿{"cameraMode":{"drawMode":0,"name":"Shaded","section":"Shading Mode"},"sceneLighting":true,"audioPlay":false,"sceneViewState":{"showFog":true,"showMaterialUpdate":true,"showSkybox":true,"showFlares":true,"showImageEffects":true,"showParticleSystems":true},"in2DMode":false,"pivot":{"x":1.4819071292877198,"y":3.7710018157958986,"z":1.4370578527450562},"rotation":{"x":-0.15868304669857026,"y":0.8148937225341797,"z":-0.2631087005138397,"w":-0.49146905541419985},"size":1272.9068603515625,"orthographic":false}